0,0
0.000571428571,49.99542271
0.001142857143,20.29449449
0.001714285714,11.16662625
0.002285714286,12.20892248
0.002857142857,8.18925389
0.003428571429,4.386660597
0.004,1.627732853
0.004571428571,1.09507864
0.005142857143,1.127784436
0.005714285714,1.160907443
0.006285714286,2.020296563
0.006857142857,2.987189941
0.007428571429,3.505432435
0.008,3.681158242
0.008571428571,3.439757687
0.009142857143,2.811194389
0.009714285714,2.113927478
0.01028571429,1.603801662
0.01085714286,1.40018241
0.01142857143,1.520102702
0.012,1.860931716
0.01257142857,2.261320315
0.01314285714,2.481398217
0.01371428571,2.422765646
0.01428571429,2.170611129
0.01485714286,1.809602681
0.01542857143,1.451585386
0.016,1.264193439
0.01657142857,1.274737262
0.01714285714,1.454552813
0.01771428571,1.710319466
0.01828571429,1.915724425
0.01885714286,2.009417732
0.01942857143,1.970281377
0.02,1.82276882
0.02057142857,1.639044436
0.02114285714,1.49844807
0.02171428571,1.456134421
0.02228571429,1.485917119
0.02285714286,1.600955324
0.02342857143,1.727338047
0.024,1.800155609
0.02457142857,1.810461515
0.02514285714,1.737051335
0.02571428571,1.638751677
0.02628571429,1.54629362
0.02685714286,1.50422134
0.02742857143,1.525789335
0.028,1.583819001
0.02857142857,1.690963779
0.02914285714,1.772060597
0.02971428571,1.790925198
0.03028571429,1.782349563
0.03085714286,1.740776232
0.03142857143,1.677812488
0.032,1.632085234
0.03257142857,1.615538942
0.03314285714,1.623490091
0.03371428571,1.650478281
0.03428571429,1.684241024
0.03485714286,1.706844948
0.03542857143,1.708582003
0.036,1.697644577
0.03657142857,1.676007023
0.03714285714,1.652259193
0.03771428571,1.642871277
0.03828571429,1.650632024
0.03885714286,1.669820901
0.03942857143,1.692767098
0.04,1.716549952
0.04057142857,1.734503888
0.04114285714,1.733869068
0.04171428571,1.723215608
0.04228571429,1.71414446
0.04285714286,1.707143159
0.04342857143,1.707209922
0.044,1.714405919
0.04457142857,1.724367022
0.04514285714,1.733580492
0.04571428571,1.739224865
0.04628571429,1.74012745
0.04685714286,1.737523752
0.04742857143,1.731540759
0.048,1.724858328
0.04857142857,1.722467828
0.04914285714,1.724459066
0.04971428571,1.72931319
0.05028571429,1.733271956
0.05085714286,1.73676778
0.05142857143,1.740869558
0.052,1.737849987
0.05257142857,1.736148626
0.05314285714,1.734124879
0.05371428571,1.729685701
0.05428571429,1.726128299
0.05485714286,1.729998796
0.05542857143,1.734699622
0.056,1.736859631
0.05657142857,1.736252228
0.05714285714,1.736778335
0.05771428571,1.735549387
0.05828571429,1.733899981
0.05885714286,1.732974847
0.05942857143,1.731620386
0.06,1.730646109
0.06057142857,1.734161978
0.06114285714,1.740562225
0.06171428571,1.741883961
0.06228571429,1.747722291
0.06285714286,1.750287262
0.06342857143,1.75033519
0.064,1.751202
0.06457142857,1.750989669
0.06514285714,1.748887168
0.06571428571,1.751473454
0.06628571429,1.751271352
0.06685714286,1.747710591
0.06742857143,1.746507409
0.068,1.750696265
0.06857142857,1.764197984
0.06914285714,1.765963754
0.06971428571,1.768298449
0.07028571429,1.778661346
0.07085714286,1.777262097
0.07142857143,1.772680104
0.072,1.774603379
0.07257142857,1.774992366
0.07314285714,1.770583427
0.07371428571,1.764728974
0.07428571429,1.760240015
0.07485714286,1.761435861
0.07542857143,1.764397551
0.076,1.767347563
0.07657142857,1.772474241
0.07714285714,1.773702678
0.07771428571,1.773176233
0.07828571429,1.769221898
0.07885714286,1.766616983
0.07942857143,1.765916685
0.08,1.762683684
0.08057142857,1.756214708
0.08114285714,1.755160685
0.08171428571,1.759674959
0.08228571429,1.75954053
0.08285714286,1.760269478
0.08342857143,1.753330433
0.084,1.755438599
0.08457142857,1.754179301
0.08514285714,1.746311295
0.08571428571,1.756751141
0.08628571429,1.755186834
0.08685714286,1.753486399
0.08742857143,1.752332839
0.088,1.746653744
0.08857142857,1.74250067
0.08914285714,1.740970699
0.08971428571,1.741744822
0.09028571429,1.743705867
0.09085714286,1.736108305
0.09142857143,1.734685789
0.092,1.738404628
0.09257142857,1.731281314
0.09314285714,1.729232359
0.09371428571,1.738312114
0.09428571429,1.73965667
0.09485714286,1.73424828
0.09542857143,1.739452328
0.096,1.737520475
0.09657142857,1.723036236
0.09714285714,1.719657494
0.09771428571,1.72781712
0.09828571429,1.730224731
0.09885714286,1.728795706
0.09942857143,1.734476712
0.1,1.730318667
0.1005714286,1.735018048
0.1011428571,1.746116119
0.1017142857,1.747927128
0.1022857143,1.751419226
0.1028571429,1.743675192
0.1034285714,1.735392132
0.104,1.736375439
0.1045714286,1.743346033
0.1051428571,1.749286146
0.1057142857,1.750461343
0.1062857143,1.753622295
0.1068571429,1.755427145
0.1074285714,1.75279053
0.108,1.752004629
0.1085714286,1.752819392
0.1091428571,1.75096176
0.1097142857,1.745593937
0.1102857143,1.75270904
0.1108571429,1.756639442
0.1114285714,1.75596514
0.112,1.757101719
0.1125714286,1.742505045
0.1131428571,1.738312396
0.1137142857,1.741239581
0.1142857143,1.752663425
0.1148571429,1.754379975
0.1154285714,1.751723778
0.116,1.749929648
0.1165714286,1.747039922
0.1171428571,1.748014111
0.1177142857,1.74827425
0.1182857143,1.752470808
0.1188571429,1.752295971
0.1194285714,1.749609069
0.12,1.751008727
0.1205714286,1.75500297
0.1211428571,1.750181058
0.1217142857,1.745519741
0.1222857143,1.746778586
0.1228571429,1.752718945
0.1234285714,1.747844935
0.124,1.73865313
0.1245714286,1.738080666
0.1251428571,1.738866507
0.1257142857,1.742205734
0.1262857143,1.741550885
0.1268571429,1.731191255
0.1274285714,1.728279
0.128,1.728762035
0.1285714286,1.738053827
0.1291428571,1.743019836
0.1297142857,1.740328439
0.1302857143,1.738410559
0.1308571429,1.735378953
0.1314285714,1.733277892
0.132,1.724661503
0.1325714286,1.731380655
0.1331428571,1.730792335
0.1337142857,1.731708796
0.1342857143,1.728079908
0.1348571429,1.722204195
0.1354285714,1.720043127
0.136,1.721312559
0.1365714286,1.720210154
0.1371428571,1.721633552
0.1377142857,1.718893121
0.1382857143,1.708476662
0.1388571429,1.703557333
0.1394285714,1.701788274
0.14,1.698796701
0.1405714286,1.702303697
0.1411428571,1.706704859
0.1417142857,1.701082254
0.1422857143,1.701814583
0.1428571429,1.699540346
0.1434285714,1.706294057
0.144,1.713799335
0.1445714286,1.720305575
0.1451428571,1.729111472
0.1457142857,1.725167946
0.1462857143,1.719327656
0.1468571429,1.705910725
0.1474285714,1.706797202
0.148,1.711353535
0.1485714286,1.707508595
0.1491428571,1.720569793
0.1497142857,1.732772284
0.1502857143,1.735627757
0.1508571429,1.736601855
0.1514285714,1.734115457
0.152,1.73633019
0.1525714286,1.736863666
0.1531428571,1.734558713
0.1537142857,1.73751488
0.1542857143,1.738201011
0.1548571429,1.73407904
0.1554285714,1.735134986
0.156,1.736720467
0.1565714286,1.737395217
0.1571428571,1.739611275
0.1577142857,1.74443256
0.1582857143,1.744823198
0.1588571429,1.744281346
0.1594285714,1.741332777
0.16,1.743958687
0.1605714286,1.744606085
0.1611428571,1.741325351
0.1617142857,1.740461337
0.1622857143,1.73976473
0.1628571429,1.738784216
0.1634285714,1.744379806
0.164,1.74769109
0.1645714286,1.741727916
0.1651428571,1.733699969
0.1657142857,1.733868179
0.1662857143,1.735666625
0.1668571429,1.738413358
0.1674285714,1.739551142
0.168,1.740097377
0.1685714286,1.732911801
0.1691428571,1.728592257
0.1697142857,1.734660324
0.1702857143,1.736107842
0.1708571429,1.733945401
0.1714285714,1.727301988
0.172,1.717669011
0.1725714286,1.707990034
0.1731428571,1.704607749
0.1737142857,1.703416335
0.1742857143,1.710007866
0.1748571429,1.716593423
0.1754285714,1.722761201
0.176,1.713626702
0.1765714286,1.702396792
0.1771428571,1.692423051
0.1777142857,1.678609121
0.1782857143,1.671414155
0.1788571429,1.67179064
0.1794285714,1.6773861
0.18,1.688515524
0.1805714286,1.698520882
0.1811428571,1.697599419
0.1817142857,1.689414258
0.1822857143,1.674081305
0.1828571429,1.663948688
0.1834285714,1.655576099
0.184,1.659019964
0.1845714286,1.663493229
0.1851428571,1.671087511
0.1857142857,1.673680192
0.1862857143,1.670004379
0.1868571429,1.673121348
0.1874285714,1.676796368
0.188,1.672976005
0.1885714286,1.673161675
0.1891428571,1.675832805
0.1897142857,1.671256515
0.1902857143,1.668869235
0.1908571429,1.67388109
0.1914285714,1.671543118
0.192,1.670697537
0.1925714286,1.674040268
0.1931428571,1.681000156
0.1937142857,1.686846108
0.1942857143,1.690815226
0.1948571429,1.692488269
0.1954285714,1.692153053
0.196,1.686279326
0.1965714286,1.688682459
0.1971428571,1.68921375
0.1977142857,1.693834926
0.1982857143,1.699671465
0.1988571429,1.705057733
0.1994285714,1.710169417
0.2,1.711956097
0.2005714286,1.706428621
0.2011428571,1.697520055
0.2017142857,1.68974636
0.2022857143,1.681835269
0.2028571429,1.679033659
0.2034285714,1.68295119
0.204,1.680589443
0.2045714286,1.670973775
0.2051428571,1.685819625
0.2057142857,1.685125588
0.2062857143,1.686458571
0.2068571429,1.691874921
0.2074285714,1.688888008
0.208,1.689176273
0.2085714286,1.69541085
0.2091428571,1.70375022
0.2097142857,1.703093734
0.2102857143,1.692137686
0.2108571429,1.687876055
0.2114285714,1.679697401
0.212,1.685702883
0.2125714286,1.696750406
0.2131428571,1.693431686
0.2137142857,1.687843198
0.2142857143,1.691502454
0.2148571429,1.706122837
0.2154285714,1.701199256
0.216,1.705468488
0.2165714286,1.704763084
0.2171428571,1.692896843
0.2177142857,1.685187149
0.2182857143,1.675425532
0.2188571429,1.676038627
0.2194285714,1.676525434
0.22,1.677004739
0.2205714286,1.684409043
0.2211428571,1.686411103
0.2217142857,1.675435147
0.2222857143,1.671209617
0.2228571429,1.676680277
0.2234285714,1.669264625
0.224,1.666314136
0.2245714286,1.671363595
0.2251428571,1.667320634
0.2257142857,1.66620587
0.2262857143,1.672477918
0.2268571429,1.672554291
0.2274285714,1.66774635
0.228,1.668651186
0.2285714286,1.665759597
0.2291428571,1.667655605
0.2297142857,1.673146057
0.2302857143,1.670123474
0.2308571429,1.670534691
0.2314285714,1.677694366
0.232,1.683221734
0.2325714286,1.678549888
0.2331428571,1.676141346
0.2337142857,1.676730616
0.2342857143,1.682296529
0.2348571429,1.688169511
0.2354285714,1.687856996
0.236,1.683646978
0.2365714286,1.672801193
0.2371428571,1.67818907
0.2377142857,1.685106475
0.2382857143,1.685659923
0.2388571429,1.689926923
0.2394285714,1.693159885
0.24,1.687622681
0.2405714286,1.682733709
0.2411428571,1.683164448
0.2417142857,1.682358429
0.2422857143,1.678025674
0.2428571429,1.676944798
0.2434285714,1.678601237
0.244,1.677562794
0.2445714286,1.685485278
0.2451428571,1.689167367
0.2457142857,1.699122997
0.2462857143,1.706215316
0.2468571429,1.705194013
0.2474285714,1.689448117
0.248,1.672321054
0.2485714286,1.663348585
0.2491428571,1.660182166
0.2497142857,1.666525125
0.2502857143,1.674442761
0.2508571429,1.67864071
0.2514285714,1.684701364
0.252,1.696495182
0.2525714286,1.695450131
0.2531428571,1.686317833
0.2537142857,1.675010376
0.2542857143,1.662486607
0.2548571429,1.658708631
0.2554285714,1.6709476
0.256,1.690087515
0.2565714286,1.693846966
0.2571428571,1.689974392
0.2577142857,1.691045481
0.2582857143,1.688400206
0.2588571429,1.691067291
0.2594285714,1.693517086
0.26,1.68258941
0.2605714286,1.668553328
0.2611428571,1.650318799
0.2617142857,1.647845795
0.2622857143,1.65152628
0.2628571429,1.659147252
0.2634285714,1.661619389
0.264,1.647763035
0.2645714286,1.651652635
0.2651428571,1.669259201
0.2657142857,1.695041859
0.2662857143,1.707143097
0.2668571429,1.700678347
0.2674285714,1.681467627
0.268,1.659771646
0.2685714286,1.642761738
0.2691428571,1.633396657
0.2697142857,1.633976451
0.2702857143,1.637832395
0.2708571429,1.645358892
0.2714285714,1.657729543
0.272,1.664428496
0.2725714286,1.66007753
0.2731428571,1.646210993
0.2737142857,1.6345275
0.2742857143,1.630564564
0.2748571429,1.628528633
0.2754285714,1.628392012
0.276,1.628081658
0.2765714286,1.637054846
0.2771428571,1.643515427
0.2777142857,1.653953603
0.2782857143,1.664459962
0.2788571429,1.674362503
0.2794285714,1.670322122
0.28,1.663856987
0.2805714286,1.658710956
0.2811428571,1.647578595
0.2817142857,1.629891767
0.2822857143,1.626223967
0.2828571429,1.626987632
0.2834285714,1.626416949
0.284,1.633794999
0.2845714286,1.641102774
0.2851428571,1.634996378
0.2857142857,1.631036382
0.2862857143,1.634267049
0.2868571429,1.644429342
0.2874285714,1.639341842
0.288,1.63410151
0.2885714286,1.634170744
0.2891428571,1.631987034
0.2897142857,1.63370496
0.2902857143,1.632045157
0.2908571429,1.632539464
0.2914285714,1.625513455
0.292,1.61994052
0.2925714286,1.619155157
0.2931428571,1.621736392
0.2937142857,1.623212184
0.2942857143,1.615638775
0.2948571429,1.619853939
0.2954285714,1.627670651
0.296,1.628916383
0.2965714286,1.621636373
0.2971428571,1.624183943
0.2977142857,1.621202198
0.2982857143,1.62252155
0.2988571429,1.622665471
0.2994285714,1.616778796
0.3,1.623392588
0.3005714286,1.622163959
0.3011428571,1.614419483
0.3017142857,1.611746932
0.3022857143,1.611541777
0.3028571429,1.608639055
0.3034285714,1.614675104
0.304,1.610407661
0.3045714286,1.605373386
0.3051428571,1.606355068
0.3057142857,1.606102293
0.3062857143,1.600916799
0.3068571429,1.608001432
0.3074285714,1.611618161
0.308,1.611942249
0.3085714286,1.612098783
0.3091428571,1.608210103
0.3097142857,1.605295881
0.3102857143,1.605397956
0.3108571429,1.605581419
0.3114285714,1.608957008
0.312,1.606391088
0.3125714286,1.604579465
0.3131428571,1.598547476
0.3137142857,1.595804779
0.3142857143,1.598121217
0.3148571429,1.609679369
0.3154285714,1.614373934
0.316,1.61474161
0.3165714286,1.610221484
0.3171428571,1.611745827
0.3177142857,1.607114213
0.3182857143,1.60041987
0.3188571429,1.601830209
0.3194285714,1.602912223
0.32,1.612024045
0.3205714286,1.614062324
0.3211428571,1.602514673
0.3217142857,1.596370726
0.3222857143,1.595594835
0.3228571429,1.594194371
0.3234285714,1.604781631
0.324,1.602680607
0.3245714286,1.596930123
0.3251428571,1.59600886
0.3257142857,1.586592489
0.3262857143,1.596383824
0.3268571429,1.600374562
0.3274285714,1.587348245
0.328,1.587389278
0.3285714286,1.598148531
0.3291428571,1.600483314
0.3297142857,1.601237638
0.3302857143,1.599546477
0.3308571429,1.603357241
0.3314285714,1.606745476
0.332,1.607432425
0.3325714286,1.605199272
0.3331428571,1.603202384
0.3337142857,1.600316655
0.3342857143,1.592391047
0.3348571429,1.598947343
0.3354285714,1.610337917
0.336,1.599148491
0.3365714286,1.603157267
0.3371428571,1.608527851
0.3377142857,1.608313423
0.3382857143,1.59998597
0.3388571429,1.577993836
0.3394285714,1.589660869
0.34,1.605674011
0.3405714286,1.606754351
0.3411428571,1.604107633
0.3417142857,1.60113866
0.3422857143,1.608055482
0.3428571429,1.601480286
0.3434285714,1.596096352
0.344,1.593017244
0.3445714286,1.584315191
0.3451428571,1.591908073
0.3457142857,1.600497716
0.3462857143,1.593233156
0.3468571429,1.588638937
0.3474285714,1.590217696
0.348,1.600469281
0.3485714286,1.611141095
0.3491428571,1.619139053
0.3497142857,1.618793932
0.3502857143,1.60161526
0.3508571429,1.600944851
0.3514285714,1.612080894
0.352,1.602750155
0.3525714286,1.605099007
0.3531428571,1.60751703
0.3537142857,1.607152407
0.3542857143,1.606390643
0.3548571429,1.605976183
0.3554285714,1.602638745
0.356,1.60056249
0.3565714286,1.596293946
0.3571428571,1.595476291
0.3577142857,1.597763433
0.3582857143,1.589325611
0.3588571429,1.581612661
0.3594285714,1.587258399
0.36,1.595642265
0.3605714286,1.597451581
0.3611428571,1.608755708
0.3617142857,1.614344882
0.3622857143,1.613568874
0.3628571429,1.612793387
0.3634285714,1.611471883
0.364,1.6067083
0.3645714286,1.60082766
0.3651428571,1.600520902
0.3657142857,1.596344858
0.3662857143,1.600299822
0.3668571429,1.609590959
0.3674285714,1.615466351
0.368,1.61704029
0.3685714286,1.614470722
0.3691428571,1.618711081
0.3697142857,1.619702711
0.3702857143,1.616604099
0.3708571429,1.621408411
0.3714285714,1.636269369
0.372,1.623239362
0.3725714286,1.615705619
0.3731428571,1.618758933
0.3737142857,1.614725622
0.3742857143,1.609773901
0.3748571429,1.612150786
0.3754285714,1.610697457
0.376,1.608608406
0.3765714286,1.609601505
0.3771428571,1.61522936
0.3777142857,1.616029493
0.3782857143,1.610927598
0.3788571429,1.609119779
0.3794285714,1.612197255
0.38,1.61728663
0.3805714286,1.62375749
0.3811428571,1.625839768
0.3817142857,1.622163883
0.3822857143,1.621935876
0.3828571429,1.620754291
0.3834285714,1.620158969
0.384,1.625264834
0.3845714286,1.625848963
0.3851428571,1.625576695
0.3857142857,1.631452962
0.3862857143,1.631472448
0.3868571429,1.624245637
0.3874285714,1.623460632
0.388,1.621214615
0.3885714286,1.623135881
0.3891428571,1.626506541
0.3897142857,1.62721837
0.3902857143,1.632326244
0.3908571429,1.640906602
0.3914285714,1.642314124
0.392,1.633263122
0.3925714286,1.633592951
0.3931428571,1.634884369
0.3937142857,1.628997507
0.3942857143,1.630834564
0.3948571429,1.630484024
0.3954285714,1.62557144
0.396,1.624517156
0.3965714286,1.618345056
0.3971428571,1.620872116
0.3977142857,1.629100069
0.3982857143,1.628775735
0.3988571429,1.628326691
0.3994285714,1.627972548
0.4,1.622693599
0.4005714286,1.617751886
0.4011428571,1.61452555
0.4017142857,1.617789169
0.4022857143,1.620943467
0.4028571429,1.624923751
0.4034285714,1.623475663
0.404,1.617939755
0.4045714286,1.626172952
0.4051428571,1.637861112
0.4057142857,1.639376237
0.4062857143,1.64558166
0.4068571429,1.650030337
0.4074285714,1.645436048
0.408,1.642230682
0.4085714286,1.634215566
0.4091428571,1.628749129
0.4097142857,1.626283887
0.4102857143,1.630198166
0.4108571429,1.633538051
0.4114285714,1.633527719
0.412,1.63098862
0.4125714286,1.630016455
0.4131428571,1.637641924
0.4137142857,1.648718759
0.4142857143,1.650725833
0.4148571429,1.638453078
0.4154285714,1.635287314
0.416,1.637322162
0.4165714286,1.628096254
0.4171428571,1.624349602
0.4177142857,1.636420219
0.4182857143,1.638730486
0.4188571429,1.637132778
0.4194285714,1.643896791
0.42,1.653231744
0.4205714286,1.647946664
0.4211428571,1.642938719
0.4217142857,1.644290881
0.4222857143,1.640528962
0.4228571429,1.634729638
0.4234285714,1.634246484
0.424,1.630472542
0.4245714286,1.636978802
0.4251428571,1.646802837
0.4257142857,1.649337876
0.4262857143,1.640317889
0.4268571429,1.641663873
0.4274285714,1.647124213
0.428,1.644743303
0.4285714286,1.641026365
0.4291428571,1.633861529
0.4297142857,1.624794657
0.4302857143,1.620195816
0.4308571429,1.623937017
0.4314285714,1.628795459
0.432,1.631354312
0.4325714286,1.635269761
0.4331428571,1.635844815
0.4337142857,1.629519243
0.4342857143,1.629123106
0.4348571429,1.631420379
0.4354285714,1.632442671
0.436,1.636199785
0.4365714286,1.636314661
0.4371428571,1.631836626
0.4377142857,1.631409874
0.4382857143,1.638464905
0.4388571429,1.637807114
0.4394285714,1.635530357
0.44,1.637872482
0.4405714286,1.63719443
0.4411428571,1.635184152
0.4417142857,1.634239477
0.4422857143,1.632053443
0.4428571429,1.628392996
0.4434285714,1.626627157
0.444,1.624821346
0.4445714286,1.629153913
0.4451428571,1.624483628
0.4457142857,1.620897924
0.4462857143,1.625591635
0.4468571429,1.630638509
0.4474285714,1.630820124
0.448,1.630961479
0.4485714286,1.630702245
0.4491428571,1.627162197
0.4497142857,1.627440722
0.4502857143,1.629218161
0.4508571429,1.628287569
0.4514285714,1.62725729
0.452,1.625060401
0.4525714286,1.6247508
0.4531428571,1.622303655
0.4537142857,1.621516222
0.4542857143,1.626481432
0.4548571429,1.629768471
0.4554285714,1.628067823
0.456,1.627464116
0.4565714286,1.628454001
0.4571428571,1.625195972
0.4577142857,1.616809057
0.4582857143,1.619879708
0.4588571429,1.630253586
0.4594285714,1.630345317
0.46,1.6267948
0.4605714286,1.621648892
0.4611428571,1.617127611
0.4617142857,1.620782924
0.4622857143,1.622685114
0.4628571429,1.619705817
0.4634285714,1.618687783
0.464,1.617794244
0.4645714286,1.620737966
0.4651428571,1.620659733
0.4657142857,1.613139241
0.4662857143,1.613505758
0.4668571429,1.620702758
0.4674285714,1.627414707
0.468,1.625186332
0.4685714286,1.620550841
0.4691428571,1.618882828
0.4697142857,1.626533171
0.4702857143,1.625134443
0.4708571429,1.621293564
0.4714285714,1.623916546
0.472,1.623383527
0.4725714286,1.625517366
0.4731428571,1.626748267
0.4737142857,1.627415131
0.4742857143,1.622438258
0.4748571429,1.609098722
0.4754285714,1.611187128
0.476,1.61971511
0.4765714286,1.624183251
0.4771428571,1.623282013
0.4777142857,1.619635993
0.4782857143,1.615563172
0.4788571429,1.618111545
0.4794285714,1.6142272
0.48,1.61603272
0.4805714286,1.622313665
0.4811428571,1.619394932
0.4817142857,1.61204911
0.4822857143,1.615091794
0.4828571429,1.617371602
0.4834285714,1.610185352
0.484,1.611685559
0.4845714286,1.615559913
0.4851428571,1.605318497
0.4857142857,1.607333204
0.4862857143,1.608409802
0.4868571429,1.607334627
0.4874285714,1.606570238
0.488,1.609593237
0.4885714286,1.614399922
0.4891428571,1.607448637
0.4897142857,1.604032107
0.4902857143,1.603611083
0.4908571429,1.600538262
0.4914285714,1.604723132
0.492,1.612219872
0.4925714286,1.614648092
0.4931428571,1.623026442
0.4937142857,1.627008105
0.4942857143,1.619450801
0.4948571429,1.610919116
0.4954285714,1.612007231
0.496,1.611141722
0.4965714286,1.606171542
0.4971428571,1.609799444
0.4977142857,1.610528121
0.4982857143,1.615669596
0.4988571429,1.618118118
0.4994285714,1.617195503
0.5,1.619987814
0.5005714286,1.615420712
0.5011428571,1.611972565
0.5017142857,1.623516279
0.5022857143,1.617426559
0.5028571429,1.603472283
0.5034285714,1.612067193
0.504,1.622611417
0.5045714286,1.616278632
0.5051428571,1.616458826
0.5057142857,1.621113107
0.5062857143,1.625814109
0.5068571429,1.626017567
0.5074285714,1.617391247
0.508,1.614255219
0.5085714286,1.618035687
0.5091428571,1.620548102
0.5097142857,1.62419409
0.5102857143,1.616025369
0.5108571429,1.618602555
0.5114285714,1.632464655
0.512,1.627254343
0.5125714286,1.617644191
0.5131428571,1.613815619
0.5137142857,1.608475342
0.5142857143,1.61150335
0.5148571429,1.628574149
0.5154285714,1.631558451
0.516,1.626899858
0.5165714286,1.628776354
0.5171428571,1.626455208
0.5177142857,1.622689882
0.5182857143,1.620514007
0.5188571429,1.618118418
0.5194285714,1.613588691
0.52,1.610676979
0.5205714286,1.621353951
0.5211428571,1.625214983
0.5217142857,1.620938709
0.5222857143,1.620772567
0.5228571429,1.616834445
0.5234285714,1.612371639
0.524,1.619374995
0.5245714286,1.620403247
0.5251428571,1.617119653
0.5257142857,1.611701911
0.5262857143,1.613092291
0.5268571429,1.616191012
0.5274285714,1.619980514
0.528,1.620695112
0.5285714286,1.61436427
0.5291428571,1.619240838
0.5297142857,1.628375935
0.5302857143,1.626058412
0.5308571429,1.620837905
0.5314285714,1.616975104
0.532,1.618412954
0.5325714286,1.616324847
0.5331428571,1.610392434
0.5337142857,1.610355324
0.5342857143,1.625346925
0.5348571429,1.631370442
0.5354285714,1.632126377
0.536,1.63689024
0.5365714286,1.632640957
0.5371428571,1.621509919
0.5377142857,1.626409928
0.5382857143,1.632717351
0.5388571429,1.624119479
0.5394285714,1.612072895
0.54,1.60501325
0.5405714286,1.61224105
0.5411428571,1.612457072
0.5417142857,1.612914431
0.5422857143,1.619013172
0.5428571429,1.622021962
0.5434285714,1.62047516
0.544,1.615037344
0.5445714286,1.614182519
0.5451428571,1.605188862
0.5457142857,1.597169665
0.5462857143,1.606372627
0.5468571429,1.613159524
0.5474285714,1.61519702
0.548,1.618911143
0.5485714286,1.614671819
0.5491428571,1.609119691
0.5497142857,1.599455248
0.5502857143,1.595188281
0.5508571429,1.602392222
0.5514285714,1.604132682
0.552,1.606628781
0.5525714286,1.603852338
0.5531428571,1.599002253
0.5537142857,1.594407307
0.5542857143,1.596756482
0.5548571429,1.596339667
0.5554285714,1.601261184
0.556,1.615366343
0.5565714286,1.616273941
0.5571428571,1.614296488
0.5577142857,1.610239198
0.5582857143,1.608836118
0.5588571429,1.605229595
0.5594285714,1.603911045
0.56,1.607141936
0.5605714286,1.598861088
0.5611428571,1.59979012
0.5617142857,1.607753402
0.5622857143,1.612214696
0.5628571429,1.607517442
0.5634285714,1.606613371
0.564,1.610068884
0.5645714286,1.602526002
0.5651428571,1.597046891
0.5657142857,1.602055301
0.5662857143,1.599894668
0.5668571429,1.595422422
0.5674285714,1.601862197
0.568,1.605696508
0.5685714286,1.607302696
0.5691428571,1.612856934
0.5697142857,1.613867512
0.5702857143,1.608745235
0.5708571429,1.602123097
0.5714285714,1.59667432
0.572,1.581767491
0.5725714286,1.587452316
0.5731428571,1.595419947
0.5737142857,1.596618088
0.5742857143,1.601565037
0.5748571429,1.598234097
0.5754285714,1.602674927
0.576,1.597594418
0.5765714286,1.595366266
0.5771428571,1.598192389
0.5777142857,1.602071282
0.5782857143,1.604056349
0.5788571429,1.600215356
0.5794285714,1.59588922
0.58,1.601019815
0.5805714286,1.60429406
0.5811428571,1.597454324
0.5817142857,1.592701805
0.5822857143,1.590056608
0.5828571429,1.596189046
0.5834285714,1.603436772
0.584,1.614159473
0.5845714286,1.616698419
0.5851428571,1.616573403
0.5857142857,1.618683583
0.5862857143,1.615344449
0.5868571429,1.610266546
0.5874285714,1.610087342
0.588,1.609273202
0.5885714286,1.609748243
0.5891428571,1.613789111
0.5897142857,1.610222321
0.5902857143,1.606510971
0.5908571429,1.602125579
0.5914285714,1.600233505
0.592,1.606046425
0.5925714286,1.619587628
0.5931428571,1.623607043
0.5937142857,1.624922396
0.5942857143,1.619938352
0.5948571429,1.612224579
0.5954285714,1.608894007
0.596,1.610668399
0.5965714286,1.6084518
0.5971428571,1.60249853
0.5977142857,1.602684453
0.5982857143,1.602897258
0.5988571429,1.603384922
0.5994285714,1.617308757
0.6,1.622492423
0.6005714286,1.620842373
0.6011428571,1.615592735
0.6017142857,1.612049259
0.6022857143,1.606863998
0.6028571429,1.602858191
0.6034285714,1.59890044
0.604,1.609504138
0.6045714286,1.61666515
0.6051428571,1.62018479
0.6057142857,1.625017573
0.6062857143,1.625874581
0.6068571429,1.625215285
0.6074285714,1.620297972
0.608,1.614562552
0.6085714286,1.60922028
0.6091428571,1.610241354
0.6097142857,1.606450234
0.6102857143,1.6065045
0.6108571429,1.61241956
0.6114285714,1.615568962
0.612,1.620494274
0.6125714286,1.627737032
0.6131428571,1.627307631
0.6137142857,1.631153106
0.6142857143,1.623223681
0.6148571429,1.608992338
0.6154285714,1.607131523
0.616,1.613266301
0.6165714286,1.614892139
0.6171428571,1.610683868
0.6177142857,1.613056791
0.6182857143,1.60839282
0.6188571429,1.607435977
0.6194285714,1.612949904
0.62,1.624370242
0.6205714286,1.61438711
0.6211428571,1.616944161
0.6217142857,1.616823655
0.6222857143,1.624143628
0.6228571429,1.614811751
0.6234285714,1.608043619
0.624,1.606626346
0.6245714286,1.604891336
0.6251428571,1.606566573
0.6257142857,1.616553624
0.6262857143,1.620863833
0.6268571429,1.626453753
0.6274285714,1.626526484
0.628,1.628356851
0.6285714286,1.622835852
0.6291428571,1.612215402
0.6297142857,1.605194002
0.6302857143,1.613420069
0.6308571429,1.620620667
0.6314285714,1.626294982
0.632,1.63005529
0.6325714286,1.618355012
0.6331428571,1.618572355
0.6337142857,1.635496756
0.6342857143,1.627119027
0.6348571429,1.616599029
0.6354285714,1.611630235
0.636,1.607916154
0.6365714286,1.61487192
0.6371428571,1.613576438
0.6377142857,1.61500299
0.6382857143,1.615806693
0.6388571429,1.615236158
0.6394285714,1.617269156
0.64,1.61551675
0.6405714286,1.610875739
0.6411428571,1.612533703
0.6417142857,1.616387584
0.6422857143,1.616660181
0.6428571429,1.620161504
0.6434285714,1.62149693
0.644,1.615170686
0.6445714286,1.608296362
0.6451428571,1.603274265
0.6457142857,1.597479477
0.6462857143,1.603948565
0.6468571429,1.615333645
0.6474285714,1.61035935
0.648,1.604741155
0.6485714286,1.607712135
0.6491428571,1.60269077
0.6497142857,1.603485657
0.6502857143,1.595895251
0.6508571429,1.594180903
0.6514285714,1.600663515
0.652,1.607223145
0.6525714286,1.608643194
0.6531428571,1.607971432
0.6537142857,1.604652141
0.6542857143,1.603976646
0.6548571429,1.612222241
0.6554285714,1.614617073
0.656,1.613769685
0.6565714286,1.610547878
0.6571428571,1.607916422
0.6577142857,1.606490305
0.6582857143,1.604531399
0.6588571429,1.603689919
0.6594285714,1.608788237
0.66,1.611518778
0.6605714286,1.618363328
0.6611428571,1.623688241
0.6617142857,1.621212202
0.6622857143,1.617398772
0.6628571429,1.614713528
0.6634285714,1.616091485
0.664,1.617703006
0.6645714286,1.620148584
0.6651428571,1.619965852
0.6657142857,1.617873584
0.6662857143,1.619092706
0.6668571429,1.614071869
0.6674285714,1.612428659
0.668,1.61791569
0.6685714286,1.620113375
0.6691428571,1.617168406
0.6697142857,1.616660615
0.6702857143,1.62156395
0.6708571429,1.62272916
0.6714285714,1.618607018
0.672,1.621006718
0.6725714286,1.621377746
0.6731428571,1.62499362
0.6737142857,1.636946194
0.6742857143,1.638691412
0.6748571429,1.628678343
0.6754285714,1.62400506
0.676,1.621783073
0.6765714286,1.620902321
0.6771428571,1.622019012
0.6777142857,1.619824356
0.6782857143,1.62175368
0.6788571429,1.631867185
0.6794285714,1.630674062
0.68,1.635603812
0.6805714286,1.63869181
0.6811428571,1.626424843
0.6817142857,1.623080433
0.6822857143,1.630338669
0.6828571429,1.620511967
0.6834285714,1.615169772
0.684,1.629063033
0.6845714286,1.621681626
0.6851428571,1.617236312
0.6857142857,1.624730132
0.6862857143,1.625379749
0.6868571429,1.625526028
0.6874285714,1.625648744
0.688,1.622292731
0.6885714286,1.630305436
0.6891428571,1.631794964
0.6897142857,1.635807446
0.6902857143,1.638903199
0.6908571429,1.640713095
0.6914285714,1.641122916
0.692,1.638160341
0.6925714286,1.633801862
0.6931428571,1.63210941
0.6937142857,1.637159234
0.6942857143,1.629320756
0.6948571429,1.627625351
0.6954285714,1.628812333
0.696,1.624001311
0.6965714286,1.62997074
0.6971428571,1.635620562
0.6977142857,1.63323826
0.6982857143,1.638891776
0.6988571429,1.634365277
0.6994285714,1.62899387
0.7,1.625681647
0.7005714286,1.62565539
0.7011428571,1.628650466
0.7017142857,1.623140678
0.7022857143,1.623838401
0.7028571429,1.623422919
0.7034285714,1.624534699
0.704,1.626620974
0.7045714286,1.625853589
0.7051428571,1.626952757
0.7057142857,1.634926351
0.7062857143,1.639481212
0.7068571429,1.634523698
0.7074285714,1.629248258
0.708,1.621946838
0.7085714286,1.615341922
0.7091428571,1.611683997
0.7097142857,1.615542124
0.7102857143,1.619694807
0.7108571429,1.622282724
0.7114285714,1.623771235
0.712,1.624737387
0.7125714286,1.619316319
0.7131428571,1.619616506
0.7137142857,1.622953706
0.7142857143,1.618888036
0.7148571429,1.613869222
0.7154285714,1.609990356
0.716,1.608739774
0.7165714286,1.597026387
0.7171428571,1.602755393
0.7177142857,1.624073957
0.7182857143,1.62325503
0.7188571429,1.629366719
0.7194285714,1.638815252
0.72,1.628085485
0.7205714286,1.621704069
0.7211428571,1.624992147
0.7217142857,1.622468602
0.7222857143,1.619832409
0.7228571429,1.618232885
0.7234285714,1.618430625
0.724,1.610732841
0.7245714286,1.612446257
0.7251428571,1.628725751
0.7257142857,1.629020238
0.7262857143,1.623096953
0.7268571429,1.621692845
0.7274285714,1.618740961
0.728,1.620136558
0.7285714286,1.623431127
0.7291428571,1.620871469
0.7297142857,1.619350085
0.7302857143,1.616334666
0.7308571429,1.613124428
0.7314285714,1.611179493
0.732,1.620419493
0.7325714286,1.625095483
0.7331428571,1.625157539
0.7337142857,1.619028283
0.7342857143,1.616013712
0.7348571429,1.612629883
0.7354285714,1.619714874
0.736,1.625975935
0.7365714286,1.628140154
0.7371428571,1.63035528
0.7377142857,1.631496034
0.7382857143,1.622003128
0.7388571429,1.618200161
0.7394285714,1.612705124
0.74,1.609275709
0.7405714286,1.612989026
0.7411428571,1.625179754
0.7417142857,1.632048119
0.7422857143,1.628897716
0.7428571429,1.630242117
0.7434285714,1.623952007
0.744,1.614226525
0.7445714286,1.612130171
0.7451428571,1.618076735
0.7457142857,1.622594188
0.7462857143,1.619138433
0.7468571429,1.614415735
0.7474285714,1.623288744
0.748,1.63147184
0.7485714286,1.631517407
0.7491428571,1.629485875
0.7497142857,1.622043054
0.7502857143,1.615848272
0.7508571429,1.617234245
0.7514285714,1.630456387
0.752,1.63242811
0.7525714286,1.62217892
0.7531428571,1.613362364
0.7537142857,1.616918776
0.7542857143,1.614646852
0.7548571429,1.619842098
0.7554285714,1.622129118
0.756,1.620172858
0.7565714286,1.630940901
0.7571428571,1.632066468
0.7577142857,1.6325067
0.7582857143,1.631923826
0.7588571429,1.626310444
0.7594285714,1.625010253
0.76,1.625174073
0.7605714286,1.61986185
0.7611428571,1.617067046
0.7617142857,1.614437863
0.7622857143,1.61833018
0.7628571429,1.624617756
0.7634285714,1.623103213
0.764,1.628410943
0.7645714286,1.64056437
0.7651428571,1.637032034
0.7657142857,1.640103743
0.7662857143,1.633715603
0.7668571429,1.622495924
0.7674285714,1.616073947
0.768,1.614238475
0.7685714286,1.614546453
0.7691428571,1.618884683
0.7697142857,1.622354047
0.7702857143,1.626559987
0.7708571429,1.634417781
0.7714285714,1.646738152
0.772,1.64586585
0.7725714286,1.635515874
0.7731428571,1.630596365
0.7737142857,1.626066539
0.7742857143,1.622711459
0.7748571429,1.626455026
0.7754285714,1.635108726
0.776,1.627829639
0.7765714286,1.620646409
0.7771428571,1.629293709
0.7777142857,1.628885345
0.7782857143,1.627301375
0.7788571429,1.629508014
0.7794285714,1.630824092
0.78,1.635083668
0.7805714286,1.632216404
0.7811428571,1.626104012
0.7817142857,1.626652136
0.7822857143,1.627500507
0.7828571429,1.6255235
0.7834285714,1.623823899
0.784,1.61753863
0.7845714286,1.620363811
0.7851428571,1.622563804
0.7857142857,1.624180398
0.7862857143,1.628014877
0.7868571429,1.630769591
0.7874285714,1.642621413
0.788,1.638814841
0.7885714286,1.633036144
0.7891428571,1.633814498
0.7897142857,1.639300695
0.7902857143,1.63703765
0.7908571429,1.643885036
0.7914285714,1.643670128
0.792,1.640540108
0.7925714286,1.641119398
0.7931428571,1.642801595
0.7937142857,1.643851428
0.7942857143,1.645113428
0.7948571429,1.643504195
0.7954285714,1.63917046
0.796,1.635393054
0.7965714286,1.631082709
0.7971428571,1.629478402
0.7977142857,1.631605973
0.7982857143,1.632770731
0.7988571429,1.633983778
0.7994285714,1.638255794
0.8,1.636601972
0.8005714286,1.630597068
0.8011428571,1.629696498
0.8017142857,1.635909873
0.8022857143,1.6396206
0.8028571429,1.635306736
0.8034285714,1.628844409
0.804,1.626883167
0.8045714286,1.632133988
0.8051428571,1.639823256
0.8057142857,1.637867286
0.8062857143,1.630726552
0.8068571429,1.627889
0.8074285714,1.631810335
0.808,1.631814483
0.8085714286,1.622825041
0.8091428571,1.619486337
0.8097142857,1.616674301
0.8102857143,1.613219877
0.8108571429,1.613845968
0.8114285714,1.625967098
0.812,1.632512606
0.8125714286,1.626862624
0.8131428571,1.628853875
0.8137142857,1.629034689
0.8142857143,1.611742526
0.8148571429,1.609015786
0.8154285714,1.622706854
0.816,1.641547103
0.8165714286,1.648284946
0.8171428571,1.637197456
0.8177142857,1.630662721
0.8182857143,1.628392371
0.8188571429,1.62695925
0.8194285714,1.627203538
0.82,1.625235653
0.8205714286,1.622340888
0.8211428571,1.622315503
0.8217142857,1.623716799
0.8222857143,1.630364942
0.8228571429,1.637216838
0.8234285714,1.636037813
0.824,1.635092264
0.8245714286,1.639578538
0.8251428571,1.632600552
0.8257142857,1.629135659
0.8262857143,1.634872658
0.8268571429,1.631545911
0.8274285714,1.630418938
0.828,1.631299413
0.8285714286,1.623882267
0.8291428571,1.612979162
0.8297142857,1.624077754
0.8302857143,1.636042284
0.8308571429,1.631739016
0.8314285714,1.62919805
0.832,1.628958205
0.8325714286,1.627714835
0.8331428571,1.627783058
0.8337142857,1.624628588
0.8342857143,1.628068854
0.8348571429,1.628304583
0.8354285714,1.62121062
0.836,1.619532051
0.8365714286,1.624367551
0.8371428571,1.630409525
0.8377142857,1.628354557
0.8382857143,1.623697698
0.8388571429,1.627262154
0.8394285714,1.622098948
0.84,1.617811133
0.8405714286,1.625180297
0.8411428571,1.631622221
0.8417142857,1.624534417
0.8422857143,1.616603087
0.8428571429,1.61639646
0.8434285714,1.61683028
0.844,1.618474711
0.8445714286,1.62243906
0.8451428571,1.626824198
0.8457142857,1.629095334
0.8462857143,1.627133214
0.8468571429,1.624672692
0.8474285714,1.626289901
0.848,1.628466095
0.8485714286,1.627592132
0.8491428571,1.624973281
0.8497142857,1.626023694
0.8502857143,1.623820916
0.8508571429,1.617233606
0.8514285714,1.61755579
0.852,1.620263278
0.8525714286,1.614344431
0.8531428571,1.613025426
0.8537142857,1.615854754
0.8542857143,1.617819175
0.8548571429,1.614107006
0.8554285714,1.614279145
0.856,1.618348099
0.8565714286,1.618304202
0.8571428571,1.617090106
0.8577142857,1.608643287
0.8582857143,1.602467243
0.8588571429,1.614350244
0.8594285714,1.613896283
0.86,1.610425295
0.8605714286,1.610199154
0.8611428571,1.614654879
0.8617142857,1.612437621
0.8622857143,1.611067839
0.8628571429,1.610433477
0.8634285714,1.610339242
0.864,1.615925535
0.8645714286,1.616469656
0.8651428571,1.623001125
0.8657142857,1.623968336
0.8662857143,1.622622482
0.8668571429,1.619834817
0.8674285714,1.615819116
0.868,1.608201876
0.8685714286,1.603523233
0.8691428571,1.610442475
0.8697142857,1.609518363
0.8702857143,1.61003252
0.8708571429,1.615100509
0.8714285714,1.618172503
0.872,1.619305256
0.8725714286,1.61924564
0.8731428571,1.61294308
0.8737142857,1.612962686
0.8742857143,1.614537989
0.8748571429,1.617613941
0.8754285714,1.619941449
0.876,1.62429383
0.8765714286,1.6349777
0.8771428571,1.633064482
0.8777142857,1.631961771
0.8782857143,1.633192624
0.8788571429,1.633076942
0.8794285714,1.629398825
0.88,1.62652848
0.8805714286,1.62315866
0.8811428571,1.621354279
0.8817142857,1.620768838
0.8822857143,1.630929761
0.8828571429,1.626727139
0.8834285714,1.618326752
0.884,1.615912392
0.8845714286,1.616715264
0.8851428571,1.619353278
0.8857142857,1.62594329
0.8862857143,1.630642272
0.8868571429,1.635295306
0.8874285714,1.628046987
0.888,1.624025749
0.8885714286,1.619180816
0.8891428571,1.602803407
0.8897142857,1.624957688
0.8902857143,1.639124125
0.8908571429,1.63473333
0.8914285714,1.637859807
0.892,1.640502726
0.8925714286,1.627826958
0.8931428571,1.624182047
0.8937142857,1.632928906
0.8942857143,1.634415971
0.8948571429,1.636517901
0.8954285714,1.630433407
0.896,1.626427098
0.8965714286,1.615704505
0.8971428571,1.621800612
0.8977142857,1.640946954
0.8982857143,1.642377223
0.8988571429,1.641183527
0.8994285714,1.637546742
0.9,1.632808877
0.9005714286,1.630843877
0.9011428571,1.633776529
0.9017142857,1.63610884
0.9022857143,1.634275209
0.9028571429,1.634968185
0.9034285714,1.624700993
0.904,1.621766799
0.9045714286,1.626165797
0.9051428571,1.626611736
0.9057142857,1.633823133
0.9062857143,1.646292138
0.9068571429,1.642240804
0.9074285714,1.635103652
0.908,1.628770205
0.9085714286,1.63180686
0.9091428571,1.634182079
0.9097142857,1.630646754
0.9102857143,1.632351505
0.9108571429,1.635432854
0.9114285714,1.636212375
0.912,1.637844361
0.9125714286,1.636574605
0.9131428571,1.63694709
0.9137142857,1.632941364
0.9142857143,1.629197236
0.9148571429,1.634431375
0.9154285714,1.629505758
0.916,1.63555392
0.9165714286,1.63628605
0.9171428571,1.633098152
0.9177142857,1.63148408
0.9182857143,1.632606229
0.9188571429,1.638075602
0.9194285714,1.636342468
0.92,1.634166201
0.9205714286,1.634213097
0.9211428571,1.637233733
0.9217142857,1.637700405
0.9222857143,1.636396291
0.9228571429,1.634903321
0.9234285714,1.632042015
0.924,1.635474845
0.9245714286,1.631834691
0.9251428571,1.624922865
0.9257142857,1.625978878
0.9262857143,1.628211128
0.9268571429,1.631344062
0.9274285714,1.636864463
0.928,1.633271201
0.9285714286,1.62633104
0.9291428571,1.626580203
0.9297142857,1.623315717
0.9302857143,1.622378237
0.9308571429,1.622732666
0.9314285714,1.623420832
0.932,1.61302071
0.9325714286,1.613154057
0.9331428571,1.622309979
0.9337142857,1.628420565
0.9342857143,1.623175533
0.9348571429,1.617460536
0.9354285714,1.622404263
0.936,1.627763772
0.9365714286,1.63060717
0.9371428571,1.643827179
0.9377142857,1.635343031
0.9382857143,1.615704715
0.9388571429,1.613138927
0.9394285714,1.619665125
0.94,1.621653713
0.9405714286,1.614868146
0.9411428571,1.615826767
0.9417142857,1.626668661
0.9422857143,1.638228844
0.9428571429,1.643565868
0.9434285714,1.633367882
0.944,1.621023632
0.9445714286,1.610773109
0.9451428571,1.612178105
0.9457142857,1.611767819
0.9462857143,1.615500599
0.9468571429,1.619961873
0.9474285714,1.626209838
0.948,1.626172035
0.9485714286,1.621863137
0.9491428571,1.61999309
0.9497142857,1.620308814
0.9502857143,1.615249174
0.9508571429,1.609213599
0.9514285714,1.601706862
0.952,1.60270733
0.9525714286,1.620808014
0.9531428571,1.611605249
0.9537142857,1.608567567
0.9542857143,1.624075177
0.9548571429,1.617438837
0.9554285714,1.615310397
0.956,1.60988731
0.9565714286,1.597026708
0.9571428571,1.593273007
0.9577142857,1.611084493
0.9582857143,1.614410449
0.9588571429,1.620782341
0.9594285714,1.62536083
0.96,1.622403398
0.9605714286,1.624171303
0.9611428571,1.619218195
0.9617142857,1.612191864
0.9622857143,1.60831004
0.9628571429,1.603968399
0.9634285714,1.612542162
0.964,1.625865758
0.9645714286,1.623292155
0.9651428571,1.615902092
0.9657142857,1.615561628
0.9662857143,1.612219151
0.9668571429,1.619792072
0.9674285714,1.61784414
0.968,1.61676103
0.9685714286,1.617706714
0.9691428571,1.625134239
0.9697142857,1.629494392
0.9702857143,1.629217822
0.9708571429,1.639038266
0.9714285714,1.63851523
0.972,1.625822611
0.9725714286,1.619699497
0.9731428571,1.616604255
0.9737142857,1.618652117
0.9742857143,1.624314965
0.9748571429,1.627777318
0.9754285714,1.63768774
0.976,1.633894719
0.9765714286,1.622481691
0.9771428571,1.623499619
0.9777142857,1.624628385
0.9782857143,1.61667636
0.9788571429,1.625528202
0.9794285714,1.63251767
0.98,1.633649733
0.9805714286,1.633582453
0.9811428571,1.635146827
0.9817142857,1.634493722
0.9822857143,1.636052506
0.9828571429,1.641515125
0.9834285714,1.642846847
0.984,1.634309426
0.9845714286,1.622612233
0.9851428571,1.625238922
0.9857142857,1.626702718
0.9862857143,1.626974609
0.9868571429,1.635542296
0.9874285714,1.632854332
0.988,1.629247918
0.9885714286,1.624941852
0.9891428571,1.625774385
0.9897142857,1.631084736
0.9902857143,1.63557557
0.9908571429,1.640645896
0.9914285714,1.642227963
0.992,1.638600726
0.9925714286,1.630663561
0.9931428571,1.621774043
0.9937142857,1.622130238
0.9942857143,1.617137227
0.9948571429,1.624326255
0.9954285714,1.636917671
0.996,1.637660875
0.9965714286,1.638170733
0.9971428571,1.635578985
0.9977142857,1.624599791
0.9982857143,1.625710135
0.9988571429,1.625739159
0.9994285714,1.624806023
1,1.620718552
1.000571429,1.617874641